adj digql fjf <adj.digql.fjf@imbel.gov.br>, agnes fjf <agnes.fjf@imbel.gov.br>, aguiar fjf <aguiar.fjf@imbel.gov.br>, albino fjf <albino.fjf@imbel.gov.br>, almoxarifado fjf <almoxarifado.fjf@imbel.gov.br>, amilton fjf <amilton.fjf@imbel.gov.br>, analucia fjf <analucia.fjf@imbel.gov.br>, analucialeite fjf <analucialeite.fjf@imbel.gov.br>, andersoncardozo fjf <andersoncardozo.fjf@imbel.gov.br>, andre fjf <andre.fjf@imbel.gov.br>, andreluis fjf <andreluis.fjf@imbel.gov.br>, antoniojose fjf <antoniojose.fjf@imbel.gov.br>, apontamento fjf <apontamento.fjf@imbel.gov.br>, asri fjf <asri.fjf@imbel.gov.br>, aucimar fjf <aucimar.fjf@imbel.gov.br>, aux administracao fjf <aux.administracao.fjf@imbel.gov.br>, aux qualidade fjf <aux.qualidade.fjf@imbel.gov.br>, aux quimico fjf <aux.quimico.fjf@imbel.gov.br>, bitencourt fjf <bitencourt.fjf@imbel.gov.br>, brunomenta fjf <brunomenta.fjf@imbel.gov.br>, capalves fjf <capalves.fjf@imbel.gov.br>, cardoso fjf <cardoso.fjf@imbel.gov.br>, chcontabilidade fjf <chcontabilidade.fjf@imbel.gov.br>, chefe fjf <chefe.fjf@imbel.gov.br>, cipa fjf <cipa.fjf@imbel.gov.br>, claudiasiqueira fjf <claudiasiqueira.fjf@imbel.gov.br>, claudimar fjf <claudimar.fjf@imbel.gov.br>, comercial fjf <comercial.fjf@imbel.gov.br>, comprador fjf <comprador.fjf@imbel.gov.br>, compras fjf <compras.fjf@imbel.gov.br>, conrado fjf <conrado.fjf@imbel.gov.br>, contabilidade fjf <contabilidade.fjf@imbel.gov.br>, contratos fjf <contratos.fjf@imbel.gov.br>, cristiano fjf <cristiano.fjf@imbel.gov.br>, curriculos fjf <curriculos.fjf@imbel.gov.br>, custos fjf <custos.fjf@imbel.gov.br>, denilson fjf <denilson.fjf@imbel.gov.br>, denisemancini fjf <denisemancini.fjf@imbel.gov.br>, diadm fjf <diadm.fjf@imbel.gov.br>, dias fjf <dias.fjf@imbel.gov.br>, diegoprestes fjf <diegoprestes.fjf@imbel.gov.br>, diogo fjf <diogo.fjf@imbel.gov.br>, douglasluiz fjf <douglasluiz.fjf@imbel.gov.br>, dvrh fjf <dvrh.fjf@imbel.gov.br>, eder fjf <eder.fjf@imbel.gov.br>, empenho fjf <empenho.fjf@imbel.gov.br>, enfermagemdotrabalho fjf <enfermagemdotrabalho.fjf@imbel.gov.br>, engenharia-fjf@imbel.gov.br, engseguranca fjf <engseguranca.fjf@imbel.gov.br>, fabiosingulani fjf <fabiosingulani.fjf@imbel.gov.br>, faturamento fjf <faturamento.fjf@imbel.gov.br>, felipeoliveira fjf <felipeoliveira.fjf@imbel.gov.br>, fernando compras fjf <fernando.compras.fjf@imbel.gov.br>, ferreira fjf <ferreira.fjf@imbel.gov.br>, financeiro fjf <financeiro.fjf@imbel.gov.br>, fisico-mecanico fjf <fisico-mecanico.fjf@imbel.gov.br>, fjf-protocologeral@imbel.gov.br, frederico fjf <frederico.fjf@imbel.gov.br>, freitas fjf <freitas.fjf@imbel.gov.br>, fulvio fjf <fulvio.fjf@imbel.gov.br>, geaf fjf <geaf.fjf@imbel.gov.br>, gestaocustos fjf <gestaocustos.fjf@imbel.gov.br>, gilcelio fjf <gilcelio.fjf@imbel.gov.br>, gind fjf <gind.fjf@imbel.gov.br>, homerocoelho fjf <homerocoelho.fjf@imbel.gov.br>, honesta fjf <honesta.fjf@imbel.gov.br>, igor fjf <igor.fjf@imbel.gov.br>, informatica fjf <informatica.fjf@imbel.gov.br>, institucional fjf <institucional.fjf@imbel.gov.br>, isabela fjf <isabela.fjf@imbel.gov.br>, j rmj fjf <j_rmj.fjf@imbel.gov.br>, janaina fjf <janaina.fjf@imbel.gov.br>, jean fjf <jean.fjf@imbel.gov.br>, joaomarcio fjf <joaomarcio.fjf@imbel.gov.br>, joaopaulo fjf <joaopaulo.fjf@imbel.gov.br>, jorgeformiga fjf <jorgeformiga.fjf@imbel.gov.br>, jorgemiguel fjf <jorgemiguel.fjf@imbel.gov.br>, joseailton fjf <joseailton.fjf@imbel.gov.br>, jurandi fjf <jurandi.fjf@imbel.gov.br>, juridico fjf <juridico.fjf@imbel.gov.br>, laboratorio fjf <laboratorio.fjf@imbel.gov.br>, laerte fjf <laerte.fjf@imbel.gov.br>, lamonier fjf <lamonier.fjf@imbel.gov.br>, leandroalmeida fjf <leandroalmeida.fjf@imbel.gov.br>, lessandra fjf <lessandra.fjf@imbel.gov.br>, licencaambiental fjf <licencaambiental.fjf@imbel.gov.br>, licitacao fjf <licitacao.fjf@imbel.gov.br>, liquidacao fjf <liquidacao.fjf@imbel.gov.br>, lucas fjf <lucas.fjf@imbel.gov.br>, lucianopaiva fjf <lucianopaiva.fjf@imbel.gov.br>, lucio sec fjf <lucio.sec.fjf@imbel.gov.br>, luiz fjf <luiz.fjf@imbel.gov.br>, luizacanedo fjf <luizacanedo.fjf@imbel.gov.br>, luizcorrea fjf <luizcorrea.fjf@imbel.gov.br>, malbatan fjf <malbatan.fjf@imbel.gov.br>, manoelamancio fjf <manoelamancio.fjf@imbel.gov.br>, manutencao-fjf@imbel.gov.br, marcelinomartins fjf <marcelinomartins.fjf@imbel.gov.br>, marceloteixeira fjf <marceloteixeira.fjf@imbel.gov.br>, marcia fjf <marcia.fjf@imbel.gov.br>, marcilio fjf <marcilio.fjf@imbel.gov.br>, marciooliva fjf <marciooliva.fjf@imbel.gov.br>, marciosilva fjf <marciosilva.fjf@imbel.gov.br>, marcusnavarro fjf <marcusnavarro.fjf@imbel.gov.br>, mariaclara fjf <mariaclara.fjf@imbel.gov.br>, mary fjf <mary.fjf@imbel.gov.br>, matos fjf <matos.fjf@imbel.gov.br>, meioambiente fjf <meioambiente.fjf@imbel.gov.br>, metrologia fjf <metrologia.fjf@imbel.gov.br>, milanezi fjf <milanezi.fjf@imbel.gov.br>, mossri fjf <mossri.fjf@imbel.gov.br>, motta fjf <motta.fjf@imbel.gov.br>, mouro fjf <mouro.fjf@imbel.gov.br>, neidia fjf <neidia.fjf@imbel.gov.br>, nelson fjf <nelson.fjf@imbel.gov.br>, nfe fjf <nfe.fjf@imbel.gov.br>, odomar fjf <odomar.fjf@imbel.gov.br>, oflig fjf <oflig.fjf@imbel.gov.br>, orcamento fjf <orcamento.fjf@imbel.gov.br>, otto fjf <otto.fjf@imbel.gov.br>, pablorodrigo fjf <pablorodrigo.fjf@imbel.gov.br>, palaroni fjf <palaroni.fjf@imbel.gov.br>, panizzi fjf <panizzi.fjf@imbel.gov.br>, patricia fjf <patricia.fjf@imbel.gov.br>, paulovictor fjf <paulovictor.fjf@imbel.gov.br>, pedroluiz fjf <pedroluiz.fjf@imbel.gov.br>, petersonreis fjf <petersonreis.fjf@imbel.gov.br>, planejador fjf <planejador.fjf@imbel.gov.br>, planejamento fjf <planejamento.fjf@imbel.gov.br>, planejamento2 fjf <planejamento2.fjf@imbel.gov.br>, poscompras fjf <poscompras.fjf@imbel.gov.br>, postomedico fjf <postomedico.fjf@imbel.gov.br>, priscillacosta fjf <priscillacosta.fjf@imbel.gov.br>, processo fjf <processo.fjf@imbel.gov.br>, producao-fjf@imbel.gov.br, producao adj fjf <producao.adj.fjf@imbel.gov.br>, produto fjf <produto.fjf@imbel.gov.br>, qualidade secq fjf <qualidade.secq.fjf@imbel.gov.br>, rafael ramos fjf <rafael.ramos.fjf@imbel.gov.br>, rafaelcp fjf <rafaelcp.fjf@imbel.gov.br>, rafaeldobem fjf <rafaeldobem.fjf@imbel.gov.br>, recebimento fisico fjf <recebimento.fisico.fjf@imbel.gov.br>, recebimento fjf <recebimento.fjf@imbel.gov.br>, refeitorio fjf <refeitorio.fjf@imbel.gov.br>, rh-fjf@imbel.gov.br, roberta fjf <roberta.fjf@imbel.gov.br>, rodolfo fjf <rodolfo.fjf@imbel.gov.br>, rodrigooliveira fjf <rodrigooliveira.fjf@imbel.gov.br>, roniavila fjf <roniavila.fjf@imbel.gov.br>, rosana fjf <rosana.fjf@imbel.gov.br>, rosialves fjf <rosialves.fjf@imbel.gov.br>, salc fjf <salc.fjf@imbel.gov.br>, sapes fjf <sapes.fjf@imbel.gov.br>, sec chefe fjf <sec.chefe.fjf@imbel.gov.br>, sec gerente fjf <sec.gerente.fjf@imbel.gov.br>, sec juridico fjf <sec.juridico.fjf@imbel.gov.br>, secg fjf <secg.fjf@imbel.gov.br>, secp fjf <secp.fjf@imbel.gov.br>, secplj fjf <secplj.fjf@imbel.gov.br>, secq fjf <secq.fjf@imbel.gov.br>, sefer fjf <sefer.fjf@imbel.gov.br>, sefi fjf <sefi.fjf@imbel.gov.br>, seguranca fjf <seguranca.fjf@imbel.gov.br>, segurancadotrabalho fjf <segurancadotrabalho.fjf@imbel.gov.br>, selmar fjf <selmar.fjf@imbel.gov.br>, semat fjf <semat.fjf@imbel.gov.br>, seme fjf <seme.fjf@imbel.gov.br>, sepd1 fjf <sepd1.fjf@imbel.gov.br>, sepd2 fjf <sepd2.fjf@imbel.gov.br>, seprc1 fjf <seprc1.fjf@imbel.gov.br>, seqn fjf <seqn.fjf@imbel.gov.br>, sere fjf <sere.fjf@imbel.gov.br>, sesp fjf <sesp.fjf@imbel.gov.br>, sobreira fjf <sobreira.fjf@imbel.gov.br>, srh fjf <srh.fjf@imbel.gov.br>, suprimentos dvpcp fjf <suprimentos.dvpcp.fjf@imbel.gov.br>, tecnica-fjf@imbel.gov.br, tecnico dipro fjf <tecnico.dipro.fjf@imbel.gov.br>, tecnico pcp fjf <tecnico.pcp.fjf@imbel.gov.br>, tecseg01 fjf <tecseg01.fjf@imbel.gov.br>, tecseg02 fjf <tecseg02.fjf@imbel.gov.br>, tofoli fjf <tofoli.fjf@imbel.gov.br>, tonelli fjf <tonelli.fjf@imbel.gov.br>, transportes fjf <transportes.fjf@imbel.gov.br>, washington fjf <washington.fjf@imbel.gov.br>, wesleywagner fjf <wesleywagner.fjf@imbel.gov.br>, wilder fjf <wilder.fjf@imbel.gov.br>, willian fjf <willian.fjf@imbel.gov.br>, zanuti fjf <zanuti.fjf@imbel.gov.br>